x,y,v_target
-0.22874113517135009,1.337266793769205,9.133284917241431
-0.26607603634698196,1.3383506631112718,9.10990352243182
-0.32995427890289925,1.339952350518282,9.086461962530937
-0.3938262744461426,1.341146783342504,9.062959770683495
-0.45768856724524754,1.3419296025030742,9.039396473965134
-0.5215375146008,1.3422964922421396,9.01577159327138
-0.5853692921233665,1.3422431864393742,8.99208464320399
-0.6491798991838995,1.3417654748350878,8.968335131954587
-0.7129651645260405,1.3408592091472136,8.94452256118552
-0.7767207520291678,1.3395203090678747,8.920646425907858
-0.8406524387549765,1.3377374591561038,8.89670621435644
-0.9038067674617909,1.3355404702070408,8.872701407861891
-0.965866550298536,1.33296100945245,8.848631480719504
-1.0288137117567357,1.3299146344322625,8.824495900054922
-1.0928210671860874,1.3263606374579657,8.800294125686483
-1.1577736749216472,1.3222705594184712,8.776025609984162
-1.2223704268454645,1.317711479905172,8.751689797724994
-1.2861681123955695,1.3127260886241832,8.72728612594486
-1.3516285482886183,1.3071024529211996,8.70281402378653
-1.4171561184827235,1.3009436543046944,8.678272912343871
-1.4803979129656744,1.2944993616184561,8.653662204502048
-1.5427769259256165,1.2876672156633446,8.628981304773648
-1.6065091834033378,1.2801905924919408,8.604229609130558
-1.6719763069870104,1.2719681699603531,8.57940650483149
-1.7395800955912977,1.2628748717940885,8.554511370244986
-1.808045170208828,1.253018073648174,8.529543574667793
-1.8761382198846874,1.242555874377399,8.504502478138418
-1.9424297746808596,1.2317393254847517,8.47938743124575
-2.007357443558476,1.2205466765749375,8.454197774932537
-2.07112705053631,1.2089792884783157,8.42893284029361
-2.132833330239099,1.1972497394010377,8.403591948368625
-2.194732149905254,1.184953499584533,8.378174409929162
-2.2570985787918803,1.1720162462188501,8.352679525260008
-2.3205878054302236,1.1582646054252552,8.3271065839344
-2.383681609461634,1.1440043984441917,8.301454864583045
-2.4452245800460863,1.1295233714658255,8.275723634656693
-2.505722777912196,1.114740752026757,8.24991215018204
-2.5664952297691914,1.0993391205803213,8.224019655510748
-2.6282946422193025,1.0830940177215984,8.198045383061318
-2.689560662676948,1.0663959947850832,8.171988553053588
-2.7500941615726537,1.0493132693732397,8.14584837323558
-2.8105001043640723,1.0316812170221,8.119624038602442
-2.8723600438602093,1.0130007269914318,8.093314731107181
-2.9340675164952907,0.9937181158807363,8.066919619362919
-2.9939112668819954,0.974397600544826,8.040437858336338
-3.0520746837979056,0.9550402561069115,8.013868589032022
-3.1095070999676366,0.9353667636740263,7.987210938167337
-3.1663034577675555,0.9153605956976162,7.960464017837516
-3.2236485274729367,0.8945953699655639,7.933626925170586
-3.281460739462864,0.8730687990357618,7.906698741971743
-3.3379784583165653,0.8514418970471942,7.879678534356805
-3.395060591837602,0.8290062839902437,7.852565352374298
-3.452318881693955,0.8058862535270214,7.825358229615763
-3.5087312899010845,0.7824956607047565,7.798056182813831
-3.564469614178202,0.7587828313861774,7.77065821142758
-3.620321317996985,0.7344115028915666,7.7431632972146955
-3.6771070333284506,0.7089858953971617,7.715570403789899
-3.734871518734814,0.6824251875719194,7.687878476169124
-3.791832190045658,0.6555274019635844,7.660086440298853
-3.847222025908847,0.6286954991097395,7.632193202570033
-3.90118348901879,0.6019160095467391,7.604197649315941
-3.954897924045741,0.5746264405357366,7.576098646293351
-4.009464529678347,0.5462373892392101,7.547895038146319
-4.062632982879012,0.5179159797040345,7.51958564785186
-4.115379895827717,0.489169740455242,7.491169276146785
-4.169135857047327,0.4591863453171623,7.462644700934877
-4.223850382801693,0.4279220824857628,7.434010676673613
-4.2786402545816005,0.39583032352859404,7.405265933739526
-4.332984408522317,0.36320268788588606,7.376409177771323
-4.387170961656589,0.32985860400254396,7.347439088989773
-4.44084065558834,0.2960131741993395,7.3183543214933735
-4.494073738083573,0.26161791210775354,7.289153502528713
-4.545808449409574,0.2273915055771496,7.259835231734427
-4.596675568083931,0.19296291189655346,7.2303980803575625
-4.648820197262217,0.15684004235222648,7.200840590441104
-4.701190788592844,0.11967195488071347,7.171161273981367
-4.752192519106522,0.08259695864481476,7.141358612053867
-4.801666805353731,0.045797014700474925,7.111431053906225
-4.8487605655675905,0.010006444397141045,7.081377016016565
-4.894740957492221,-0.025652887190690477,7.051194881115791
-4.940557376785651,-0.06190213941298306,7.020882997172036
-4.986349240057445,-0.09887104344293385,6.990439676335478
-5.031591492289755,-0.13614354607050383,6.959863193841609
-5.075812158576126,-0.17330583862877869,6.929151786870958
-5.120225261596864,-0.21137779432845827,6.8983036533631115
-5.164260064127565,-0.24989206076637904,6.867316950782795
-5.2077399968634905,-0.2886910015765749,6.8361897948356125
-5.251741048731892,-0.3287648621460959,6.80492025813091
-5.296516245849936,-0.370428394707248,6.773506368789087
-5.342010743498065,-0.4137326952864673,6.741946108990503
-5.388022652782205,-0.4585882731206159,6.710237413462958
-5.433822651233743,-0.5043530872708033,6.678378167904534
-5.480254934160761,-0.5519539675093919,6.646366207338397
-5.528303113022376,-0.6025968995392139,6.614199314395934
-5.577680968777977,-0.6562556474344448,6.581875217524373
-5.6271981293155635,-0.711856506904371,6.5493915891147765
-5.675751829360687,-0.7682387875491321,6.516746043546061
-5.723212214822763,-0.825241198866489,6.483936135140376
-5.770079962884361,-0.8834869264896736,6.4509593560248835
-5.816726895310892,-0.9435423279928747,6.417813133894663
-5.862478224892659,-1.0046294193428613,6.384494829671076
-5.908276254534419,-1.068143218425858,6.351001735049564
-5.953956295823239,-1.134105184192278,6.317331069930437
-5.99829904141334,-1.2008800140508809,6.283479979725749
-6.041838389227101,-1.2693342946259094,6.24944553253488
-6.084799958305176,-1.3400113121989001,6.215224716180907
-6.127314882755648,-1.4134194507522744,6.180814435099301
-6.169677559911362,-1.490520874409547,6.146211507069844
-6.211155165795245,-1.5704761605362232,6.111412659781994
-6.25111314954414,-1.6523795246276385,6.076414527223228
-6.289702056061092,-1.7368368163667403,6.0412136458790595
-6.326915863205993,-1.824294545278165,6.005806450732593
-6.362595595723018,-1.914972881864172,5.9701892710505495
-6.3961482715262665,-2.007885238827501,5.958287594345962
-6.427301971166476,-2.10259578436739,5.958301158383183
-6.455911871534484,-2.1988963243508666,5.9368239447877835
-6.481856274533443,-2.296555490108321,5.900790401286208
-6.505123413900619,-2.395730276083852,5.864535460581453
-6.52551563984282,-2.495676345276372,5.828054990897322
-6.54292779873719,-2.5955607248124832,5.791344730322057
-6.557564111732403,-2.696249383251919,5.754400280996702
-6.5694209759499556,-2.797754616674684,5.717217102965462
-6.578338808897376,-2.897667760406817,5.679790507663698
-6.584536900532079,-2.995500394691091,5.642115651017136
-6.588293649473523,-3.0922560199539566,5.604187526123513
-6.5897548597053595,-3.188502935995179,5.566000955485388
-6.5890209350190325,-3.283870357158589,5.527550582759974
-6.5862789859753335,-3.376967582442571,5.488830863988796
-6.581877050456793,-3.465982433520239,5.449836058266511
-6.576265151981158,-3.5495462935282003,5.410560217804412
-6.569837843238825,-3.6274888782790007,5.370997177339939
-6.562850914286266,-3.70051689592621,5.3311405428387895
-6.555538355466884,-3.768784447908996,5.2909836794310126
-6.548172362313548,-3.8318028169794855,5.2505196985166345
-6.540848521254287,-3.890313085536081,5.209741443969852
-6.5335266103947145,-3.9456277653896517,5.1686414773635585
-6.526108899175564,-3.999041906262751,5.127212062127801
-6.518553948305582,-4.051166287929904,5.085445146546631
-6.5109060992081185,-4.1019304496846765,5.04333234548751
-6.503026016026497,-4.15240036504557,5.000864920745852
-6.494662401611369,-4.204133898399844,4.958033759874199
-6.485766629182893,-4.25726345462355,4.9148293533507506
-6.4761943146515915,-4.312426949931006,4.871241769925203
-6.465641095148682,-4.37099873277736,4.827260629960836
-6.453931069037294,-4.433412553798579,4.782875076570133
-6.4409598427349195,-4.499614093988251,4.738073744316527
-6.426839283118938,-4.568495008159068,4.6928447252266405
-6.41166734668205,-4.639207028265336,4.647175531825043
-6.395473778709894,-4.711356471092904,4.601053056866356
-6.378094676275619,-4.7849952170324785,4.5544635293967515
-6.35920908116769,-4.860677049264324,4.507392466727407
-6.33865025048958,-4.9381489250034285,4.459824621845219
-6.3161624650804615,-5.017398245409744,4.411743925719479
-6.291172002716179,-5.099255077272986,4.363133423885705
-6.263165104226842,-5.183910316884239,4.313975206597097
-6.231677349328977,-5.2710964214630565,4.264250331727763
-6.195880136801839,-5.361185671338806,4.213938739486634
-6.154792234644556,-5.45432064622143,4.163019157853117
-6.107981134873665,-5.549059784351919,4.111468997470118
-6.05482277835031,-5.644410291691389,4.059264234521302
-5.993935862188625,-5.7403834541497325,4.006379279869753
-5.924495408214436,-5.835586670068119,3.9527868324355095
-5.846491197506667,-5.927688680830926,3.898457714427773
-5.760075976784964,-6.014734768897576,3.8433606856093125
-5.665520542347586,-6.095112191991398,3.7874622332365444
-5.562941796156556,-6.167610036763085,3.7307263336646685
-5.45347972780009,-6.23061743506626,3.7057219758364504
-5.339245169841783,-6.282745792950909,3.6991888021285244
-5.221994568049423,-6.323483494053583,3.714143112878435
-5.102799714265116,-6.352964159797192,3.742744268406456
-4.984362470227283,-6.3713679610249425,3.7711285120553026
-4.869759226086123,-6.379686837401108,3.799300705417183
-4.758902540978133,-6.379489302336253,3.827265531150219
-4.651121124381181,-6.371922884502036,3.8550275020650155
-4.548079415531978,-6.358185060318816,3.8825909696264294
-4.4503402523689495,-6.339543324757864,3.909960131915895
-4.357444748457608,-6.316969663614682,3.937139041095555
-4.26992876959854,-6.291547446881531,3.96413161041178
-4.188034788814519,-6.264273190118304,3.9909416207723405
-4.111844524976998,-6.236028735481686,4.01757272692854
-4.040067903663038,-6.207015130841346,4.044028463290917
-3.972173944501423,-6.177515740814142,4.070312249404726
-3.9076598576932016,-6.147708553658113,4.09642739510921
-3.8457230290110243,-6.117520567963886,4.122377105402694
-3.7858869171951506,-6.086936131956168,4.148164485033755
-3.727019767322758,-6.055509119381339,4.173792542837081
-3.6696156698172167,-6.023603843627358,4.199264195831157
-3.614227505759309,-5.991670176306101,4.224582273093585
-3.5600574721546674,-5.959375185116356,4.249749519428601
-3.5070074586201714,-5.926748651098631,4.274768598840256
-3.456106492730542,-5.8945428850702335,4.299642097823696
-3.407113873573182,-5.862745378660456,4.324372528486049
-3.3586815058064197,-5.830562720971867,4.348962331507585
-3.3106617026351266,-5.7979305357868975,4.373413878953026
-3.263901735742478,-5.765478981460283,4.397729476942167
-3.21841905399324,-5.733297046612197,4.421911368188319
-3.173832818250457,-5.701179021334904,4.445961734412494
-3.129735935610931,-5.668873382984096,4.469882698640673
-3.086200843397195,-5.636466091173671,4.493676327391003
-3.0435665726104575,-5.604251297759872,4.517344632757319
-3.000923619039603,-5.571569979085469,4.540889574394914
-2.9578842107487064,-5.538125537326085,4.564313061414115
-2.9144534265167192,-5.503915521151301,4.587616954186842
-2.8707094498713404,-5.4689982179827075,4.610803066070988
-2.8265648286839693,-5.4333017829173444,4.6338731650571425
-2.7818420599770004,-5.396676812209964,4.656828975341886
-2.7371542431990243,-5.359630421311694,4.679672178831636
-2.6924085418399306,-5.322102620979869,4.702404416580724
-2.6473998274783614,-5.28393404924547,4.725027290167218
-2.602538313941728,-5.245490728791021,4.747542363009732
-2.557826041824392,-5.20680095387541,4.769951161628292
-2.513046209594884,-5.1677009278324775,4.792255176852143
-2.468121423368911,-5.128143592087005,4.8144558649771865
-2.423101156653717,-5.088194269365822,4.836554648875612
-2.3779960225272574,-5.047886562739029,4.858552919060094
-2.332760824237428,-5.007205386301581,4.818396078092302
-2.2872545920247163,-4.966048925058646,4.773928107322224
-2.241505985692198,-4.9244690427492435,4.7290420152909425
-2.1956529242934506,-4.882620546511037,4.683725780924081
-2.149522929822684,-4.8403770085254845,4.637966795849099
-2.103029964129916,-4.797691171844542,4.591751823422585
-2.056288795199431,-4.7547024842039285,4.545066954007444
-2.009407097327724,-4.711546699652185,4.497897556071767
-1.9625011299503337,-4.6683690057826395,4.4502282226220995
-1.915775355492672,-4.625395790098504,4.4020427124152395
-1.8694653575889328,-4.582879772259218,4.353323885312692
-1.8238948169143252,-4.541149321449735,4.304053631048277
-1.7793853201322778,-4.500522453288963,4.25421279056957
-1.7357265037566654,-4.460824717006131,4.203781068984396
-1.6927603114609793,-4.421927947369595,4.152736938990653
-1.6506816507589344,-4.384019970635182,4.101057533486129
-1.6092852442008072,-4.346923728828691,4.048718525838663
-1.5683933944592718,-4.3104885241240165,3.995693996038119
-1.527739409209166,-4.2744876074016895,3.9419562806404813
-1.4866601145406435,-4.238353693065028,3.8874758040387603
-1.4442787064689397,-4.201355218553068,3.8322208881394966
-1.4004226468635816,-4.163399946888308,3.776157536967776
-1.354916728374522,-4.12440722690527,3.7192491920419113
-1.3067406579253944,-4.083605645448449,3.6614564535182277
-1.2558330597178413,-4.041085594155781,3.6027367610631984
-1.2021133848493033,-3.9969487097866097,3.5430440271074835
-1.144687098044566,-3.95068476610819,3.4823282134985325
-1.0819504102584832,-3.901355459735294,3.420534840494063
-1.011237863171596,-3.847486923223281,3.3576044143912505
-0.9290374945257073,-3.7875590641541703,3.293471756679489
-0.8317827822988739,-3.7210668735017745,3.228065213181318
-0.7154183364608983,-3.6488934263189616,3.1613057158486293
-0.5739561071198126,-3.573758309818685,3.0931056622047497
-0.4023953901694013,-3.503859128839261,3.023367567145773
-0.1994212014796226,-3.4548150979020438,2.951982427890589
0.02929368856876946,-3.44886055908788,2.8788277237585236
0.26481622423700235,-3.5087849873815777,2.803764945851658
0.4771119784313257,-3.6437209693819206,2.7821469100527776
0.6366357240641295,-3.842878816909364,2.8202157762950133
0.7327886970133939,-4.07544734926783,2.8577775666784055
0.7674354647295376,-4.312662208193217,2.8948520197684395
0.7580484755420067,-4.531170459210045,2.9314576258415332
0.7247777385890569,-4.721553836836467,2.9676117346869257
0.6814479547850166,-4.8849532202010035,3.0033306517262814
0.6357137757570167,-5.0249654570438835,3.038629723962049
0.5914723096206044,-5.145177070338854,3.0735234170399193
0.5505511388002488,-5.248609007729613,3.1080253845230748
0.5138985036807746,-5.337187940376802,3.1421485303191625
0.48109809047495666,-5.414232667640601,3.1759050650694736
0.45075907365113954,-5.48413975140592,3.2093065571990786
0.4228112018699781,-5.547672298329488,3.242363979233064
0.39644784842767755,-5.607023719936855,3.275087749904594
0.37090589028090626,-5.664109874115532,3.3074877725128786
0.34680648910234396,-5.717686953574171,3.339573469931343
0.32318535990059316,-5.770002375458999,3.371353816616751
0.2999574781218298,-5.821311951879615,3.402837367927448
0.2778343709539813,-5.870106000390371,3.434032287022134
0.2563797189438526,-5.917396404651885,3.4649463695788327
0.23508827183382608,-5.964333949978826,3.495587066546133
0.21353064825704127,-6.01190053702901,3.525961505114834
0.19198002640155665,-6.059530870747458,3.556076508077228
0.17036728260594025,-6.107415418342181,3.585938611722989
0.14823615508504429,-6.156611825933538,3.6155540824046404
0.12574232995903278,-6.20683259721867,3.6449289318915294
0.10304836821896302,-6.257775764923281,3.6740689316188653
0.08001231904596384,-6.309828810735954,3.702979625927485
0.056973399751589215,-6.3622946999715815,3.7316663443803657
0.03421309891213531,-6.414585184727703,3.760134213233377
0.010872421627268425,-6.468756336342033,3.7883881661301886
-0.012772642611209473,-6.524293520352645,3.8164329540845228
-0.03610474738223901,-6.579839917211569,3.84427315480695
-0.05957894507270989,-6.636573206193075,3.871913181428071
-0.08286781564714263,-6.69381864933658,3.8993572906651566
-0.10551561880865234,-6.750518047156088,3.9266095904750418
-0.1280342379861127,-6.808025229820258,3.9536740472322247
-0.1501023117590109,-6.865619278218227,3.9805544924676894
-0.17125940547952423,-6.922115120230634,4.007254629200866
-0.19183558875863205,-6.9783904260622425,4.033778037894356
-0.21204681233769762,-7.035102816607925,4.060128182058531
-0.23184917752309642,-7.092231104315658,4.086308413530846
-0.2508762781266247,-7.148764528082591,4.1123219774526465
-0.26930538624156375,-7.205245536784556,4.138172016964388
-0.2871757978062428,-7.261853236097619,4.1638615776385
-0.30427919789552704,-7.317955449926467,4.189393611667594
-0.32076595425313437,-7.374061640959065,4.214770981824317
-0.33679512380403176,-7.430815040939734,4.239996465207888
-0.3520779732799678,-7.487275704290303,4.265072756791196
-0.3665806141767288,-7.543308807187867,4.290002472781283
-0.38044536967155884,-7.599491319546639,4.314788153805073
-0.39338896468917084,-7.65464240433689,4.339432267931331
-0.4057322878556855,-7.71010738266313,4.363937213539022
-0.4175514207369402,-7.7664109055836335,4.3883053220415045
-0.42855887952458005,-7.822291910943387,4.412538860475323
-0.4387835205115378,-7.8778599415849,4.436640033961728
-0.44829364608875544,-7.9335163959925215,4.460610988048497
-0.45696333424394686,-7.988499981996285,4.484453810939082
-0.46470034984890685,-8.041925413204497,4.508170535615653
-0.47167213195925206,-8.094614345248216,4.531763141862138
-0.47795529044801077,-8.147025127695507,4.555233558192956
-0.4834936415567297,-8.198518283495416,4.578583663692772
-0.4883519525418122,-8.249437362432655,4.6018152897722215
-0.4925478279681581,-8.29975800242875,4.624930221844267
-0.4960655212782017,-8.348874815414156,4.647930200925519
-0.4989665985252192,-8.39706337211146,4.670816925166581
-0.50129839872073,-8.44465753461915,4.693592051315246
-0.5030953794358914,-8.492216047268359,4.716257196116082
-0.5043441491331258,-8.539221277792743,4.738813937649778
-0.5050583602044239,-8.584795407585547,4.76126381661538
-0.5052885552910851,-8.629722564288153,4.783608337558367
-0.5050560478017789,-8.67471496746051,4.8058489700473315
-0.5043894874934527,-8.718742892356973,4.827987149801878
-0.5033441052133185,-8.761418574756416,4.850024279774187
-0.5019770364274063,-8.80263784550575,4.871961731186544
-0.5003671125573423,-8.841849963760893,4.893800844527008
-0.4985777279662833,-8.879041586022387,4.915542930505269
-0.4967211112673757,-8.913279352185187,4.937189270970619
-0.4949136062129438,-8.943803856143123,4.95874111979386
-0.4931980842911312,-8.970971288839987,4.980199703714855
-0.49150284436228575,-8.996499451354806,5.001566223157361
-0.48973293008896057,-9.021985917582704,5.022841853012661
-0.48807964810845217,-9.044895816049692,5.044027743393441
-0.4866052374076655,-9.064746094450891,5.065125020359299
-0.48519509573089237,-9.083307085897472,5.086134786615162
-0.48385562844547514,-9.10060260635564,5.107058122183839
-0.4825088990847852,-9.117694174696098,5.127896085053888
-0.48108504350840375,-9.135453456704251,5.148649711803869
-0.4794994221836313,-9.154852256180325,5.169320018204051
-0.4777261403584099,-9.176064607709737,5.189907999796547
-0.475802477927864,-9.198502332425052,5.210414632454817
-0.4738228445506416,-9.221001643094471,5.2308408729234275
-0.4717786471466012,-9.243652251194959,5.251187659338923
-0.46949661602273207,-9.268265420435704,5.271455911732589
-0.46687845801013994,-9.29562845988894,5.291646532515898
-0.4639788875205402,-9.324864486157862,5.311760406949338
-0.46091081551419366,-9.35466430966099,5.331798403595326
-0.45773169904941446,-9.384437659823405,5.35176137475586
-0.4543045347381065,-9.415390780059013,5.371650156895532
-0.4506251082399697,-9.447404830867068,5.391465571050497
-0.44639320481075684,-9.482754337625252,5.411208423223959
-0.4414196056952122,-9.522355326448029,5.4308795047687255
-0.43630761124625983,-9.561095164495395,5.4504795927573255
-0.4308159505355236,-9.600807510412467,5.470009450340203
-0.42488101939793865,-9.641760890657103,5.48946982709243
-0.41867199469591987,-9.682692410806087,5.508861459349405
-0.4118043956834414,-9.725942363927464,5.528185070531949
-0.4043151661840414,-9.770920206767757,5.547441371461207
-0.3963863148374138,-9.81634820580229,5.566631060663753
-0.38813434214995635,-9.861558259661114,5.585754824667256
-0.37978707984556936,-9.905452524948313,5.604813338287065
-0.37137414131890933,-9.948092304257154,5.623807264904058
-0.36277645501806344,-9.990221224277954,5.642737256734069
-0.3539148745998808,-10.032279657579421,5.661603955089211
-0.3445673615625522,-10.075280341120292,5.680407990631382
-0.33508853794689175,-10.117590876997253,5.699149983618252
-0.3259595441383494,-10.157264613782862,5.717830544141981
-0.31708814227619886,-10.19494346932797,5.736450272360953
-0.3081095200244437,-10.232288662456876,5.755009758724751
-0.2990278550940504,-10.269317861433894,5.773509584192632
-0.28919328693671553,-10.308610411193323,5.791950320445716
-0.2784557583052738,-10.350565812762682,5.810332530093118
-0.26766272613015873,-10.391798646346862,5.828656766872222
-0.2564932074709545,-10.433556064528506,5.846923575843317
-0.24477985316929818,-10.476405935560368,5.865133493578767
-0.23239001602941856,-10.520733958160843,5.883287048346914
-0.21917321520529143,-10.566941393100445,5.901384760290894
-0.20567696505532274,-10.613049357670473,5.919427141602529
-0.19171779795618304,-10.659682845708733,5.9374146966914605
-0.1771857468622735,-10.7071661584241,5.955347922349693
-0.16249992134187274,-10.754134335978044,5.973227307911685
-0.14768801666906062,-10.800561414117198,5.991053335410138
-0.13255268813253696,-10.847101076100476,6.0088264797276345
-0.11708943959617435,-10.89377611323179,6.026547208744246
-0.10187328987114785,-10.938918711391022,6.044215983481243
-0.08725538589189785,-10.981631627141406,6.06183325824104
-0.07323822152597481,-11.022054814483205,6.079399480743493
-0.059821775057940174,-11.060308583288784,6.096915092258651
-0.04672524559475777,-11.09727692691672,6.114380527736099
-0.03390171651526219,-11.133146043586596,6.131796215930976
-0.02154894621269099,-11.167416472032722,6.149162579526784
-0.009590918660965286,-11.20035067671024,6.166480035255085
0.0017903923519437814,-11.231495447926743,6.183748994012177
0.012567656012134831,-11.260823472867319,6.200969860972852
0.022734602557319405,-11.288358427051989,6.2181430357013125
0.03235577238746923,-11.314307906681563,6.235268912259342
0.04174075822223444,-11.339527257582922,6.252347879311808
0.05067185547220587,-11.363447478906327,6.269380320229577
0.0593229624193885,-11.386549223926844,6.286366613189926
0.0674044560198297,-11.408073684481657,6.303307131274506
0.0747696960206724,-11.427648073903983,6.320202242564957
0.08189227675927468,-11.446542450147602,6.337052310236217
0.08919060688735503,-11.465868312815655,6.353857692647612
0.09648050248619156,-11.485137267957436,6.370618743431779
0.10351978330336908,-11.503712426147729,6.387335811581488
0.11136136779799144,-11.524367998905001,6.404009241534432
0.11981144641498354,-11.5465804088567,6.420639373256021
0.12813816576725623,-11.568422027023232,6.437226542320267
0.13659970238178876,-11.590571482193607,6.453771079988785
0.14520893581177274,-11.613060991232837,6.470273313287985
0.15400128811700187,-11.635981148679384,6.48673356508449
0.1633299227634385,-11.66024640605551,6.503152154158844
0.17339757436404424,-11.686371136631458,6.5195293952775355
0.1839711129221937,-11.713737136946609,6.535865599263416
0.19462525806854525,-11.741239182244382,6.55216107306452
0.20562493223416134,-11.769559000094763,6.568416119821358
0.21740377084813511,-11.799801559540992,6.584631038932716
0.22965570250602357,-11.831167910009807,6.60080612611999
0.24224422580126262,-11.863302383937594,6.616941673490122
0.2551215470988382,-11.896080130565375,6.6330379695971375
0.268230831897992,-11.929355797310146,6.64909529950236
0.28175943914752244,-11.963603130042731,6.665113944833309
0.2959297029614696,-11.999378485321552,6.681094183841334
0.3108239659817454,-12.036880523982486,6.697036291458003
0.3267908786392663,-12.076973854424422,6.712940539350295
0.34469027209798053,-12.121789944300088,6.72880719597461
0.3644384852852163,-12.171085154831603,6.744636526629642
0.3862625938110983,-12.225399308403913,6.760428793508133
0.4107596437519305,-12.286197405290897,6.776184255747544
0.43789530382732167,-12.35340104039996,6.791903169479668
0.46812564187045763,-12.428204338986559,6.807585787879211
0.5015510983173938,-12.511025344278996,6.82323236121137
0.5378888946446019,-12.601501538126131,6.838843136878426
0.5762546548993628,-12.697967144249771,6.85441835946539
0.6158691672619354,-12.79917012644078,6.869958270784712
0.655957098273079,-12.903965759885079,6.885463109920083
0.6953365290250885,-13.010092011077589,6.9009331132693505
0.7327639082835213,-13.114759540677671,6.916368514586573
0.7674377732433906,-13.215855250219159,6.931769545023228
0.7987673565821284,-13.311310238959587,6.9471364331686045
0.8263879731212538,-13.399205292515656,6.96246940508938
0.8502919819642355,-13.478404152298971,6.97776868436843
0.8704792444393777,-13.547671948314646,6.993034492142863
0.8872390638030071,-13.606834218621179,7.008267047141316
0.900957428933865,-13.656321227978042,7.023466565720515
0.9119286129949414,-13.69651891170576,7.038633261901133
0.9206085190095903,-13.728658645389807,7.05376734740295
0.9274934370493341,-13.75432970071264,7.068869031679333
0.9329936908404219,-13.774931627160766,7.083938521951061
0.9374862946961199,-13.791810625914815,7.098976023239496
0.941176783432484,-13.805704962365555,7.11398173839913
0.9444241405003482,-13.81794957229807,7.128955868149513
0.9475354541313004,-13.829696417740408,7.143898611106574
0.9507613711926854,-13.841891650472128,7.158810163813363
0.9542167069218892,-13.85497291513374,7.173690720770207
0.9580005894562823,-13.86932216473128,7.188540474464315
0.9622005831266682,-13.885282150373994,7.203359615398824
0.9669540650266594,-13.903392270095559,7.218148332121317
0.9723438786343451,-13.923995443194713,7.23290681125181
0.9782670094607572,-13.946732125122617,7.247635237510224
0.9849609143192003,-13.972562559785688,7.262333793743368
0.9923177542890569,-14.001138239876854,7.277002660951417
1.000053316256885,-14.03141661247298,7.291642018313918
1.0082281679360954,-14.063693102171605,7.306252043215326
1.0167963425314606,-14.097854947530179,7.320832911270083
1.0257226301930373,-14.133834651097873,7.335384796347241
1.0350794754371404,-14.172012415290759,7.349907870594659
1.0448093569310142,-14.212257808376993,7.364402304462758
1.054900965545103,-14.254637773020697,7.378868266727863
1.0653467240414032,-14.29925119990692,7.39330592451513
1.0760410541656962,-14.345782730203632,7.407715443321077
1.0869761210836884,-14.394337682498588,7.422096987035715
1.0979133789271598,-14.443970736005296,7.436450717964297
1.1086810457115974,-14.49394719098468,7.450776796848686
1.119356025852015,-14.544653918234658,7.4650753828883625
1.1299156235399908,-14.59602862096836,7.47934663376106
1.1402009468194185,-14.647304349372032,7.4935907056430535
1.1502184838209841,-14.698482038104261,7.507807753229102
1.1600759153817624,-14.750106915249003,7.521997929752047
1.169768236890963,-14.802174534204685,7.536161387002082
1.1793152914443579,-14.85481997216126,7.550298275345697
1.1884251658828395,-14.90638256101944,7.564408743744304
1.1970248633572806,-14.956285858518232,7.578492939772547
1.2053820675576077,-15.005968793412979,7.592551009636313
1.2135696647826575,-15.05584201086877,7.606583098190439
1.221605807601244,-15.106018584320768,7.620589348956124
1.2294919416166046,-15.156516143095358,7.634569904138058
1.2372605909792895,-15.20756376553968,7.648524904641264
1.2449704378577686,-15.259603020477535,7.662454490087672
1.2525883894807777,-15.312483455345234,7.676358798832412
1.2601167751147373,-15.366292376289614,7.690237967979851
1.2675132469411494,-15.420790620735694,7.704092133399362
1.2746016907470261,-15.474648889275795,7.717921429740847
1.2813565014796495,-15.527540468400481,7.731725990450002
1.2878972351809677,-15.58030220363008,7.745505947783342
1.294283703167777,-15.633394897392984,7.759261432822984
1.3004890893257541,-15.68658677949006,7.7729925754911955
1.306575551985104,-15.74041993804797,7.7866995045647105
1.3125684718627628,-15.795179767425633,7.800382347688822
1.3184106399256361,-15.850392135876836,7.814041231391247
1.324084717996719,-15.905898433778194,7.8276762810957825
1.3295353050387293,-15.9611089289824,7.841287621135738
1.3347685007710557,-16.015993565243598,7.854875374767166
1.3398120707560688,-16.07076378590831,7.8684396641818815
1.3446420675689954,-16.125069613221886,7.881980610520286
1.3492642254402427,-16.17885780006718,7.895498333883987
1.353711960561864,-16.232416158548876,7.908992953348225
1.3580330996569001,-16.286274777394187,7.922464586974115
1.362192714658573,-16.339954205673735,7.935913351820696
1.3662115959016585,-16.39365776087078,7.949339363956797
1.370114628504771,-16.447686307312676,7.962742738472726
1.3738252898708012,-16.50088738488094,7.9761235894917775
1.3773359714041489,-16.552959652269166,7.9894820301815725
1.3806853249755557,-16.60429685692768,8.002818172765226
1.383938774302646,-16.65581117846581,8.01613212853234
1.3871274322144973,-16.707994651632227,8.029424007849846
1.3902426144181437,-16.76072610728912,8.042693920172677
1.393293505888734,-16.814182595877263,8.055941974054283
1.396241112249493,-16.867662487749982,8.069168277156988
1.3990611373056128,-16.920617221849223,8.082372936262205
1.4017904023316266,-16.973632270772598,8.095556057280488
1.4044417865577434,-17.02690266317648,8.108717745261446
1.4069981529850288,-17.080010606970347,8.121858104403508
1.4094719367469604,-17.13312152654883,8.134977238063547
1.4118823681171335,-17.186586277073374,8.148075248766366
1.4142474634924658,-17.240784803574076,8.161152238214047
1.4165539070061017,-17.29538851424403,8.17420830729516
1.4187709628656449,-17.349565366918416,8.18724355609385
1.4208815119350953,-17.402703396717147,8.200258083898783
1.4229293495474726,-17.455737072711344,8.21325198921197
1.4249381439866289,-17.509194085279997,8.226225369757472
1.4268934723780462,-17.562603376231998,8.239178322489963
1.4288174581465238,-17.616478777083046,8.252110943603192
1.4307214559014299,-17.67107799374404,8.26502332853832
1.432611531463796,-17.726520390707226,8.277915571992125
1.4344711428084893,-17.782232422074873,8.290787767925119
1.4362884356277434,-17.837717668692843,8.303640009569529
1.4380590828718542,-17.89267326657783,8.316472389437177
1.4397566354556361,-17.94607696482602,8.329284999327252
1.4414005757438537,-17.998347415428675,8.342077930333966
1.443046601714405,-18.05112066580035,8.35485127285412
1.4447071228223212,-18.104687710937956,8.367605116594543
1.4463795206246286,-18.158844788212587,8.380339550579453
1.44806776335022,-18.213586106461864,8.393054663157706
1.449774842502996,-18.268861835174835,8.405750542009939
1.45150240401045,-18.32456750156869,8.418427274155633
1.4532274511761127,-18.37980742107116,8.43108494596007
1.4549431094139262,-18.434232328910156,8.443723643141192
1.4566696296191526,-18.48836547783392,8.456343450776384
1.45840845066685,-18.542132218156414,8.468944453309144
1.460166114267167,-18.59562230275665,8.481526734555683
1.4619551750044826,-18.649099974302576,8.494090377711426
1.463783183222624,-18.702663079844772,8.506635465357435
1.4656562773214121,-18.756358856006003,8.519162079466735
1.4675664134384907,-18.809839133555165,8.531670301410566
1.469492554934446,-18.862451083284746,8.54416021196455
1.4714378010253442,-18.914255507623864,8.556631891314781
1.4734106965997524,-18.965453235067443,8.569085419063825
1.4753991787080005,-19.01571982752682,8.581520874236647
1.477425676182478,-19.065607032679768,8.59393833528647
1.479525135457818,-19.1158937140624,8.60633788010054
1.4817013074023238,-19.1665471813525,8.618719586005831
1.4839579197641666,-19.217533536676797,8.63108352977467
1.4863040652009938,-19.26893308598938,8.643429787630293
1.4887452086620245,-19.32073432373559,8.655758435252322
1.49127763593141,-19.372739330055516,8.668069547782181
1.4938949386937606,-19.42472552451791,8.644373845080247
1.4965994341668214,-19.476666646549525,8.619666349808055
1.4993847118308263,-19.52838392632756,8.59488782885031
1.5022245392282711,-19.579383524160267,8.570037666138058
1.5051695819217312,-19.630546454979843,8.545115236644321
1.5082970262951316,-19.683046928743543,8.520119906200664
1.5115903488922804,-19.736387239943276,8.495051031308916
1.5149721785786312,-19.789221509489057,8.469907958947875
1.5184299919715236,-19.841373189800063,8.444690026374824
1.522023384737822,-19.893714204988786,8.419396560921708
1.5257726236940146,-19.946439803208584,8.394026879785777
1.529683853310764,-19.99952441912456,8.368580289814517
1.5338023844249373,-20.053437993827,8.343056087284676
1.5381182929237225,-20.10789001640952,8.317453557675195
1.5425872004414518,-20.162228417873894,8.291771975433818
1.5472074849984603,-20.216395281096847,8.26601060373718
1.551970241822053,-20.270263686218758,8.240168694244153
1.5569371668086727,-20.32447390030633,8.214245486842188
1.5621144761295147,-20.378993697307518,8.188240209386453
1.5674860258873742,-20.43357366534407,8.162152077431477
1.5730888306812036,-20.48850804622508,8.135980293955047
1.5789400128551725,-20.54385775622731,8.109724049074094
1.5850316172814387,-20.599448651205563,8.083382519752272
1.5913155714398615,-20.65479155275383,8.056954869498925
1.5977905188179427,-20.709862024834408,8.03044024805915
1.6045489969847748,-20.765386842199522,8.003837791094606
1.6115007229048708,-20.820569888436253,7.977146619854748
1.6185550120753547,-20.874738317601917,7.9503658408381375
1.6258281165762072,-20.928815739369533,7.923494545443429
1.6333519349532857,-20.982998596933086,7.896531809609687
1.641120585947398,-21.037197721374795,7.869476693445601
1.6491675153366772,-21.091594382506663,7.8423282408471895
1.6575866983540095,-21.146726048801337,7.815085479103555
1.6662618805787734,-21.201752445662986,7.787747418490222
1.6751519690733143,-21.25640478663638,7.760313051849582
1.6843624179284,-21.311302074882132,7.732781354157949
1.6939373719028694,-21.36662855480864,7.705151282078679
1.7039930035700417,-21.422929590773165,7.677421773500827
1.714519338649021,-21.479998680114925,7.649591747062744
1.725398638702587,-21.537104728946428,7.621660101660026
1.7365491616428947,-21.593801845159742,7.593625715937162
1.7480172271525438,-21.650322937191852,7.5654874477622425
1.7598724713827951,-21.70697539747861,7.537244133684003
1.772205782243798,-21.764116564698398,7.5088945883705
1.785138477101278,-21.822180608535856,7.480437604028634
1.798708366145887,-21.881177400082656,7.451871949803721
1.8127329048419483,-21.94020741311613,7.423196371158274
1.8270078634045384,-21.998417817415877,7.394409589229097
1.8414776742102419,-22.055652186694317,7.365510300161767
1.856249504168242,-22.112384260162596,7.33649717442152
1.871512513444824,-22.169320505832417,7.307368856079513
1.8873572342817666,-22.226721813127963,7.278123962073378
1.9038020941563654,-22.284562845862762,7.248761081440922
1.9207314915384817,-22.34237297632045,7.219278774525779
1.938085193188699,-22.399923488307234,7.189675572153746
1.9558231493019156,-22.45707989443233,7.159949974778466
1.9740314835221813,-22.514110456237187,7.130100451595056
1.992878794320923,-22.57149140979813,7.1001254396201965
2.012371831635601,-22.629166567673344,7.0700233427371195
2.0323089389045985,-22.68650108942023,7.039792530703843
2.052875762974594,-22.743997718412025,7.009431338122907
2.0744840696476974,-22.802687086252618,6.978938063370769
2.09699758125677,-22.862044021237992,6.948310967484919
2.120353329456269,-22.921789604378716,6.917548273006635
2.1446780426585246,-22.982135122878265,6.8866481627772265
2.170000003818413,-23.04302399009423,6.855608778685436
2.1962793833426737,-23.104245808653328,6.82442822036357
2.223342889255716,-23.165322686584798,6.793104543829761
2.2513071141965133,-23.226458852762114,6.7616357600736245
2.280426591425705,-23.288107155064292,6.730019833582386
2.3107414281461462,-23.350217959750008,6.698254680804407
2.342216777474752,-23.412595423061894,6.666338168546808
2.374796064840047,-23.475025142872607,6.6342681123037135
2.408459224131329,-23.537384883731445,6.6020422745114065
2.443150018991463,-23.599503205877948,6.569658362726453
2.4792692393980325,-23.66199584380305,6.537114027722591
2.5173174127613374,-23.725528856498688,6.504406861501926
2.557173570322503,-23.789668206195174,6.4715343952156505
2.5987120178901484,-23.854024179040643,6.438494096989222
2.6418526391032318,-23.9183231341264,6.40528336964657
2.6867330143802794,-23.982625952198244,6.371899548327546
2.7332204267732676,-24.046608493223022,6.3383398979924275
2.781293560803384,-24.110134363239272,6.304601610806865
2.8315905836250033,-24.1738827404547,6.2706818034002
2.8840678792271355,-24.237582208391853,6.236577513989564
2.938433117583494,-24.300710411065324,6.202285699361657
2.9943553380137784,-24.362789645363655,6.175611031864458
3.0515443009703676,-24.423470071382518,6.14383243928575
3.110041932477836,-24.482790997664832,6.109020040114924
3.170200355836785,-24.54106594503841,6.074008121416337
3.2324647534540736,-24.598612855680148,6.038793212847868
3.2962529192486496,-24.6547960455371,6.027923592862101
3.3609210426693394,-24.70905633983286,6.035045568241144
3.426326115451387,-24.761339234287895,6.039346033398879
3.492689909818588,-24.811871287564323,6.01110396795421
3.561235308285716,-24.861519480621666,5.975663646154797
3.6310991713696525,-24.9095674623675,5.993482427414224
3.7005823764728145,-24.954936126190855,6.011248389766485
3.770216341657335,-24.998127985851553,6.028962000147058
3.8406253621709863,-25.039595537404683,6.046623718651945
3.910988738085277,-25.07892324202147,6.064233998677108
3.9796818509776086,-25.115400198262723,6.081793287054272
4.047430920307827,-25.149634753363483,6.099302024183216
4.1143697242780295,-25.181850304838168,6.116760644160644
4.179964009460275,-25.21194756519402,6.132374430008703
4.24503390911331,-25.240433675492355,6.097496614048295
4.308959987370443,-25.267147882160266,6.0624181451658625
4.373505030213557,-25.292885225072812,6.027135519908455
4.439648155814655,-25.317986744093595,5.9916451316686
4.506700724545316,-25.342130082568097,5.9559432663813965
4.576386516941709,-25.365833369831826,5.920026097988062
4.647354145781254,-25.388517644736037,5.883889683650232
4.717687115645733,-25.40958243469122,5.847529958698074
4.787924247055246,-25.429253734926963,5.8109427312938955
4.859602418806099,-25.44794304773062,5.774123676791416
4.932684536030099,-25.46556251383092,5.737068331769205
5.00404793303692,-25.48140248882595,5.699772087714995
5.073723561142747,-25.495623262719803,5.662230184335569
5.143474101760439,-25.508664758917508,5.624437702464725
5.214164777855436,-25.520675544753868,5.586389556539406
5.283813432798099,-25.531342410410975,5.54808048661142
5.351261176739996,-25.540610848230866,5.509505049859223
5.418867057913451,-25.548883643765265,5.470657611560986
5.488065654425559,-25.55629341354724,5.431532335486554
5.560850699334406,-25.562899968360167,5.392123173661919
5.636610341583726,-25.568436264037366,5.352423855455373
5.714386189532342,-25.5726626711403,5.312427875929576
5.797288827385969,-25.57547993278662,5.272128483398284
5.885303001598116,-25.576457687364176,5.231518666120323
5.977392991084303,-25.575155172108598,5.190591138056554
6.075839408744652,-25.57099088003945,5.149338323607909
6.178301886611554,-25.56345316487469,5.107752341243942
6.282698320951876,-25.552306317920973,5.065824985921725
6.391108360007839,-25.536898338979494,5.02354771018398
6.504930353165213,-25.516285471892417,4.980911603813159
6.62161653460163,-25.490179751918877,4.937907371904261
6.738739367744442,-25.4584939135201,4.894525311203561
6.857359801747895,-25.420320279973154,4.850755284542624
6.976841927618184,-25.375053836398394,4.806586693176777
7.0964075378918,-25.32214931156104,4.762008446814215
7.214650138170145,-25.261453556480134,4.717008931095616
7.330653310463754,-25.192764031335543,4.671575972254082
7.444936623288605,-25.11488133659008,4.625696798650723
7.55607049735408,-25.027671630311875,4.584066776453471
7.661639571663136,-24.932296904777843,4.58612537432267
7.75969188645322,-24.83052475654869,4.609318989260053
7.849750685257187,-24.72337633824803,4.632396479199549
7.93220780496507,-24.610916381873807,4.655359571101618
8.006814135752798,-24.493979494020902,4.6782099495420795
8.073413320288433,-24.373542368915327,4.700949258154312
8.132227448927074,-24.250093551998972,4.723579101008963
8.183348640102961,-24.124484350087723,4.746101043934454
8.226703978442096,-23.99856153037074,4.768516615781346
8.26267097555272,-23.873811688522167,4.7908273096334675
8.291916318196666,-23.7512393930153,4.813034583968509
8.315025809675642,-23.632709812770198,4.835139863770642
8.332905918229601,-23.518954463113463,4.8571445415975685
8.346529905605095,-23.409349000849403,4.8790499786042485
8.356576947200681,-23.304152394518088,4.900857505525455
8.363649353875251,-23.203689382534215,4.9225684236191425
8.368347398230105,-23.10618835763867,4.944184005572539
8.371007052620065,-23.0122090337156,4.965705496372734
8.371976318064995,-22.9230947173287,4.9871341141434575
8.371645525015722,-22.83973681645703,5.008471050949632
8.3703515113643,-22.761407654140385,5.029717473571212
8.368250245516323,-22.685191337458228,5.050874524247721
8.365466145854104,-22.611199730940246,5.071943321394839
8.362051779667524,-22.538375320225086,5.092924960294308
8.357926473237505,-22.46443540976429,5.1138205137583626
8.353138886107365,-22.39022627708363,5.134631032769824
8.347749759163364,-22.31628292264082,5.155357547098938
8.341776758340387,-22.242412607820185,5.1760010658979825
8.335481767809211,-22.17105408301921,5.196562578274615
8.328944909080297,-22.102083868066792,5.217043053844886
8.321908301326665,-22.032343183514637,5.237443443266786
8.314299421840223,-21.961168978782904,5.257764678755156
8.306406052756374,-21.891084741444693,5.278007674578768
8.298410389308058,-21.823202454861327,5.298173327540298
8.290257445979076,-21.756601380644305,5.31826251743993
8.282045648955485,-21.691725733482713,5.3382761075232485
8.273828497864494,-21.62865227718971,5.358214944914083
8.265948360261138,-21.569597161702898,5.378079861032904
8.25869371879342,-21.51623140443796,5.397871672001361
8.251817123990214,-21.46637317698638,5.417591179033522
8.245016327280931,-21.417663049248585,5.437239168814344
8.23822719007959,-21.36958396715287,5.4568164138658695
8.231533997748969,-21.32267905556168,5.476323672901652
8.22469599400318,-21.275234525410013,5.495761691169851
8.21748264255558,-21.22569011703468,5.515131200785451
8.210189117833679,-21.17610123866831,5.534432921052005
8.20295629705685,-21.127393772996644,5.553667558773328
8.195844930513992,-21.079923553710223,5.572835808555494
8.188577990247193,-21.031817524745495,5.5919383530995255
8.180754174212824,-20.980471165826017,5.610975863485113
8.172428303161517,-20.9263351545142,5.629948999445694
8.163749972161883,-20.87044705471327,5.648858409635228
8.154967279380896,-20.81441742072887,5.667704731886947
8.145782456623065,-20.75636273760963,5.686488593464402
8.135966764172672,-20.694911992606613,5.7052106113050565
8.126052742482614,-20.633432238838687,5.7238713922567195
8.116433719256161,-20.574289195875206,5.742471533307061
8.106993373093726,-20.516677048687963,5.761011621806452
8.097438865778908,-20.458765006807884,5.779492235684383
8.087485847083446,-20.398834557996018,5.797913943659662
8.077315824606835,-20.337988244270218,5.8162773054446255
8.06717490203742,-20.277673381790603,5.834582871943568
8.056980212369286,-20.21736158726445,5.852831185445581
8.046465616290659,-20.155464939239984,5.871022779811997
8.035928167477824,-20.093714666244882,5.889158180658629
8.0258792337752,-20.03505069423045,5.907237905532967
8.016157951895636,-19.97847257794447,5.925262464086513
8.00650409626022,-19.92242866824206,5.94323235824241
7.996590431931361,-19.86500161387428,5.961148082358523
7.986508782327288,-19.80670964456328,5.979010123386125
7.976320611009962,-19.74788870231479,5.9968189610243225
7.9659853985112115,-19.688283123424895,6.014575067870372
7.9558210418813395,-19.629700467399395,6.032278909566015
7.94594933487268,-19.572816344394376,6.049930944939952
7.936361511681466,-19.51755857319653,6.0675316261465895
7.927063764250503,-19.463945954880938,6.085081398801181
7.917848171395804,-19.410765031908277,6.10258070211146
7.908259940035149,-19.355370793078517,6.120029969005892
7.898298665295789,-19.297729703733538,6.137429626258645
7.888610771677257,-19.241558706185028,6.1547800946113735
7.879554962563855,-19.188939090841956,6.1720817888919335
7.870776459926668,-19.137815821215735,6.1893351181300975
7.86205342587357,-19.08689099698408,6.206540485670384
7.85339902154797,-19.03623047273885,6.223698289282075
7.845289330228145,-18.98862679134733,6.240808921266512
7.837532784151148,-18.942972589943956,6.257872768561754
7.82951834513641,-18.895663777792688,6.274890212844669
7.8211339124125505,-18.84600350517028,6.291861630630546
7.81275729277875,-18.796200292238154,6.3087873933702925
7.804633035856511,-18.747705463660687,6.325667867545291
7.796509662513759,-18.699015829110206,6.3425034147599835
7.788643076497014,-18.651664164612168,6.359294391832251
7.781134372145922,-18.606277202686712,6.376041150881649
7.773891013673578,-18.562315334909982,6.392744039415566
7.766535809244837,-18.5174863398467,6.409403400413358
7.758807629775806,-18.470160389943995,6.42601957240852
7.750968823406072,-18.42190034781229,6.442592889568954
7.7431627879960905,-18.373567762187143,6.459123681775377
7.735326681403573,-18.324756542350244,6.475612274697935
7.7275674964504875,-18.27611868394264,6.492058989871059
7.719943067567788,-18.228015140828372,6.508464144766621
7.712290064981685,-18.179405374860742,6.524828052865437
7.704830636019983,-18.131695416193242,6.541151023727156
7.69766438012526,-18.085546371698545,6.55743336305859
7.690611160793284,-18.039816373394473,6.573675372780508
7.683431079091499,-17.99293112793945,6.589877351092964
7.676029487019723,-17.944218560773486,6.606039592539171
7.668775413194369,-17.89607697919619,6.622162388067975
7.661927477822411,-17.850260304499383,6.638246025094973
7.654968433858,-17.803318534693698,6.654290787562283
7.647788346020769,-17.754448234086745,6.6702969559970375
7.640866858397523,-17.70689266631044,6.6862648075686035
7.634323259880419,-17.661526269757697,6.7021946161445864
7.6279791536310295,-17.617160483157143,6.718086652345632
7.621449084483093,-17.57107909961077,6.733941183599067
7.6147116351817115,-17.523052258799098,6.749758474191404
7.60793724778493,-17.474227289045885,6.765538785319742
7.601066914612551,-17.42412028166286,6.781282375142093
7.594100086198977,-17.372649605322955,6.796989498826657
7.587223596724692,-17.321145332479524,6.812660408600073
7.580379291622873,-17.26914321958697,6.828295353794677
7.573577496260955,-17.216679285076346,6.843894580894787
7.567022025438197,-17.165331014863753,6.85945833358204
7.560562042909386,-17.113936086652515,6.874986852779805
7.554072477186456,-17.06144870987406,6.890480376696695
7.54769952403964,-17.009000907596068,6.905939140869205
7.541618272676295,-16.958072863594477,6.921363378203485
7.535764959273426,-16.908206132046686,6.936753319016283
7.529796246896059,-16.856432266438357,6.952109191075071
7.5237071275928775,-16.802539390510734,6.967431219637374
7.517829713582975,-16.749393542283254,6.982719627489322
7.5122103310537724,-16.69748160156292,6.9979746349834455
7.506693148287368,-16.6453937487503,7.01319646007573
7.5011510089077955,-16.59183897480512,7.02838531836195
7.495524856272635,-16.53604600071028,7.043541423113297
7.490075632518148,-16.480473721130416,7.058664985311313
7.48496729690456,-16.426896768854583,7.073756213682164
7.480090137264652,-16.37431158785012,7.088815314730247
7.475414476482157,-16.322476550833624,7.103842492771158
7.470814995764158,-16.269989951952798,7.118837949964039
7.466206881262995,-16.215717007454614,7.133801886343303
7.46178705581267,-16.16186716150928,7.14873449984977
7.457623771086799,-16.109371444759493,7.163635986361214
7.4536287362574045,-16.057213109696544,7.178506539722345
7.449802778867506,-16.0054332715158,7.193346351774224
7.44616422410546,-15.954337068797049,7.208155612383143
7.442746372629836,-15.904517760348359,7.222934509468964
7.439468655771615,-15.854893017114769,7.237683229032943
7.436238377358051,-15.803951493063979,7.25240195518504
7.433073068256612,-15.751724833095546,7.267090870170736
7.429995684001712,-15.698333981367405,7.281750154397357
7.427078283028341,-15.644872590899608,7.296379986459929
7.4243134906388475,-15.591136662636796,7.310980543166563
7.421651395843388,-15.535903574311273,7.325551999563386
7.419175671324346,-15.480666994808493,7.340094528959023
7.416942490749856,-15.426852395316088,7.354608302948652
7.414879064967538,-15.372865108664511,7.369093491437622
7.412993387348697,-15.318834583790506,7.38355026266466
7.411317912664202,-15.265831043507314,7.397978783224675
7.4098048009015445,-15.212422196449928,7.412379218091146
7.408464053531605,-15.158750976513293,7.426751730638137
7.407302206581055,-15.10489644786294,7.441096482661922
7.406311469362284,-15.05004452716313,7.455413634402231
7.405519225194704,-14.995251542550255,7.46970334456314
7.40492748693285,-14.940684350054863,7.4839657703335885
7.404535250671471,-14.886517556883774,7.498201067407561
7.404338504651436,-14.833702550295069,7.512409390003913
7.4043192893619025,-14.782500458726753,7.526590890885861
7.404454895139871,-14.73341016483696,7.540745721380152
7.404722470414704,-14.686244629990322,7.5548740313959
7.405087701395779,-14.642249015722557,7.568975969443106
7.405502579577524,-14.602802292333644,7.583051682650876
7.405972571131409,-14.564984727741997,7.597101316785326
7.406497910862937,-14.528054629251494,7.611125016267201
7.407013639623285,-14.495394984893972,7.625122924189188
7.407511762799642,-14.466154412199465,7.6390951823329525
7.407976724144261,-14.440356124189478,7.653041931185898
7.408369390669015,-14.419400546551648,7.666963309957643
7.40871950796239,-14.40120401294283,7.680859456596228
7.409039468827266,-14.384906177012423,7.694730507804076
7.409321049241752,-14.370782691059667,7.70857659905367
7.409583654927143,-14.357769589948548,7.722397864602995
7.409846453120409,-14.344888447937036,7.73619443751073
7.410089181922191,-14.333107315367315,7.749966449651187
7.410329832866159,-14.321528724018316,7.7637140317290205
7.410601151240835,-14.308598130682004,7.777437313293701
7.410899365958239,-14.29454625268386,7.791136422753757
7.411230908184358,-14.279130833469573,7.804811487390793
7.411611517753464,-14.261718822230076,7.8184626333732865
7.41205298215101,-14.241929820274118,7.832089985770172
7.412559826381924,-14.219774407361863,7.8456936685642065
7.413150679761337,-14.19472933614182,7.859273804665132
7.413884823666574,-14.16482909649073,7.872830515922631
7.414771221023497,-14.130543811510984,7.886363923139083
7.415750321268931,-14.094792131139334,7.899874146082121
7.416841025684164,-14.057242243063824,7.913361303497003
7.418109891588874,-14.016222359485099,7.926825513118782
7.419609202703828,-13.971028708796831,7.9402668916843036
7.4213031473771505,-13.923614007793516,7.953685554944008
7.423164243635846,-13.875170999236056,7.967081617673566
7.425238532908408,-13.824861980763433,7.980455193685327
7.427568423543964,-13.772196088727918,7.993806395839606
7.430179024380611,-13.717200875380472,8.00713533605579
7.433022392357132,-13.661267769136634,8.020442125323287
7.4361525803001385,-13.603616672863037,8.033726873712311
7.439625115338341,-13.543671531588705,8.046989690384502
7.44339045537409,-13.482635235547763,8.060230683603386
7.447461241731531,-13.420487117357894,8.073449960744698
7.451845647020816,-13.35726999725972,8.08664762830653
7.456512913041463,-13.293517176995685,8.099823791919345
7.461462581023364,-13.229256510800411,8.112978556355843
7.4666876968037705,-13.164582435450319,8.126112025540676
7.472199027250769,-13.099364867655202,8.139224302560033
7.477965088881132,-13.033955930611882,8.152315489671073
7.483931243159745,-12.968881566980002,8.165385688311238
7.490066008411775,-12.904341409291801,8.178434999107413
7.496366344909049,-12.840226888055591,8.191463521884971
7.502788258821612,-12.776842276889418,8.204471355676684
7.50914541136373,-12.715786736337137,8.2174585987315
7.515450000651037,-12.6566690379501,8.230425348523205
7.521740049881415,-12.598933994350974,8.243371701758958
7.527949392866719,-12.54301722259097,8.256297754387704
7.534072331155127,-12.488805835838082,8.26920360160847
7.540103030623809,-12.43621236687651,8.282089337878551
7.5460293609611115,-12.385221937872576,8.294955056921564
7.551850125194532,-12.335740272893215,8.307800851735415
7.557629769958501,-12.287142127223577,8.320626814600132
7.5633446002873725,-12.239566554074193,8.333433037085605
7.569068190270662,-12.192355467273329,8.346219610059208
7.5748829251243635,-12.144810496466462,8.358986623693326
7.580674531118799,-12.097843792794759,8.371734167472772
7.586511233586347,-12.050875183781718,8.384462330202103
7.592455196340864,-12.003394592047394,8.397171200012844
7.59851099863351,-11.955362688649693,8.409860864370598
7.60471950992876,-11.90645619848707,8.422531410082081
7.610965582347451,-11.85757364634392,8.435182923302039
7.617279916966397,-11.808457151391623,8.447815489540085
7.623725731643373,-11.758605767703607,8.46042919366745
7.6301754048115935,-11.708990758733854,8.473024119923625
7.636730161085629,-11.658815200288803,8.485600351922933
7.643385451251209,-11.60810217450167,8.498157972660998
7.649999866827793,-11.557906751893904,8.51069706452114
7.656702620677098,-11.507225528526972,8.523217709280681
7.663532469271425,-11.455751143775371,8.535719988117163
7.670426159587864,-11.403942942350541,8.548203981614495
7.677452572078784,-11.351264254842478,8.560669769769008
7.684632695702189,-11.297539228667635,8.573117431995437
7.691850467066403,-11.243612045448982,8.58554704713282
7.699150003881983,-11.189125274353731,8.597958693450332
7.706569273469928,-11.133766529669343,8.610352448653028
7.714029926642463,-11.078088204270546,8.622728389887522
7.721540618925341,-11.021991325181975,8.635086593747587
7.729106203950822,-10.965402887007688,8.647427136279692
7.736754815371538,-10.908071927911843,8.65975009298845
7.744482472296963,-10.849982813070383,8.672055538842018
7.752255220432282,-10.791342263648477,8.684343548277417
7.760083485477688,-10.73201970778229,8.696614195205779
7.767932942146933,-10.672220097073627,8.70886755301754
7.775764383554677,-10.612188515748265,8.72110369458756
7.783567919934258,-10.551948365569302,8.733322692280176
7.791328105780123,-10.491566160218369,8.745524617954198
7.799043807805714,-10.430996890611173,8.75770954296784
7.806718456387172,-10.37015579152398,8.769877538183588
7.814338777011118,-10.309087358822165,8.782028673973008
7.821894941392908,-10.247808780382218,8.794163020221491
7.829383159087071,-10.186286642562786,8.806280646332949
7.8368001433685786,-10.124479340952998,8.818381621234439
7.844137335088933,-10.062385464345034,8.830466013380743
7.851384076741247,-10.000019732784478,8.842533890758885
7.858532678441647,-9.9373696188685,8.85458532089259
7.865582706599911,-9.874353008388546,8.866620370846697
7.87253795480585,-9.810836674665964,8.878639107231505
7.879397238961873,-9.74671518343922,8.890641596207088
7.886123065774697,-9.682221130503594,8.902627903487529
7.892700656845045,-9.617384835209174,8.91459809434513
7.8991406847004555,-9.551971143641124,8.926552233614549
7.905399490205442,-9.48628962469541,8.938490385696902
7.911434843376915,-9.42068608124206,8.950412614563811
7.917272533517504,-9.354775978669569,8.962318983761405
7.92292078719439,-9.288305932827411,8.974209556414266
7.9282872839611835,-9.222253688007733,8.986084395229337
7.933346516161493,-9.156941492235081,8.997943562499781
7.9381654302579765,-9.091461584922616,9.009787120108793
7.942711788648204,-9.026147998009542,9.021615129533368
7.94697271905806,-8.96113091357495,9.03342765184802
7.950955749912608,-8.896235216358491,9.045224747728467
7.954566330351578,-8.833145904319283,9.057006477455262
7.957802327120896,-8.77237294246538,9.068772900917391
7.960768439099486,-8.712288018994203,9.080524077615824
7.963493419554335,-8.65232917907311,9.09226006666702
7.965935357913151,-8.59352606521789,9.103980926806406
7.968117325804413,-8.535585236800198,9.115686716391798
7.9700538694843726,-8.478313663141169,9.127377493406797
7.971715406072557,-8.423063474590387,9.139053315464135
7.973133079309508,-8.369598651393156,9.150714239808993
7.974356571353714,-8.316488785718816,9.162360323322268
7.975385663163422,-8.263857856131239,9.173991622523818
7.9762048466749995,-8.213207283679232,9.185608193575659
7.9768477455486995,-8.163488173228533,9.197210092285124
7.977332945223514,-8.113307424146106,9.208797374108
7.9776474726764866,-8.064097611113082,9.220370094151615
7.97780155030866,-8.016335987852008,9.231928307177895
7.977807820420978,-7.968895976923994,9.243472067606392
7.9776773067163615,-7.9233045674727665,9.255001429517266
7.977424090508941,-7.878895891721873,9.266516446654249
7.97703262207219,-7.833265507476107,9.278017172427562
7.97651022265433,-7.7880233857194865,9.289503659916809
7.975892333211886,-7.745048535154082,9.300975961873831
7.9751784333812745,-7.703128900780515,9.312434130725538
7.974365291394332,-7.661677342383656,9.323878218576697
7.973496260038579,-7.62230805952683,9.335308277212704
7.972587874888202,-7.584943617112831,9.346724358102312
7.971694629731094,-7.550936023043672,9.35812651240034
7.970827233181298,-7.519853130900012,9.36951479095034
7.969877136575773,-7.487613891606072,9.380889244287253
7.9688394052697635,-7.454310282135486,9.392249922640014
7.967795888870045,-7.4225338157784195,9.403596875934145
7.96680846353933,-7.3937501398050935,9.414930153794318
7.965807765205803,-7.365646577377413,9.426249805546878
7.9647115212527035,-7.335985995325685,9.437555880222359
7.963663207021577,-7.308605887998509,9.448848426557952
7.962737156353649,-7.285073499587145,9.46012749299996
7.961799235357459,-7.261775762021336,9.471393127706229
7.960828401686521,-7.238195074533294,9.482645378548533
7.959845367625814,-7.2148399049548315,9.493884293114958
7.9588019597309705,-7.190598143628115,9.505109918712249
7.957807081598783,-7.167971372142842,9.516322302368128
7.956930080414706,-7.148363048404424,9.5275214908336
7.95614940619872,-7.131131290266315,9.538707530585219
7.955422032901051,-7.115240672652195,9.549880467827345
7.95467277886802,-7.099028746077976,9.561040348494368
7.9539956916975525,-7.084506216216244,9.572187218252909
7.9534444816792655,-7.072758728956648,9.583321122504005
7.952831199135722,-7.0597618366738315,9.594442106385262
7.952113454128735,-7.0446609290431885,9.605550214772995
7.951454655734297,-7.030905277543493,9.616645492284334
7.950895373946764,-7.019295713506831,9.62772798327932
7.950283267454553,-7.006657222223021,9.63879773186297
7.949504763895189,-6.990701289011132,9.649854781887331
7.948658040634447,-6.973517283562003,9.660899176953501
7.947795876102767,-6.956204219855186,9.67193096041364
7.946776636630599,-6.935989497767197,9.682950175372946
7.945504448906731,-6.911199076397779,9.693956864691632
7.944051972306687,-6.883553544879316,9.704951070986864
7.942374525602117,-6.852532156015948,9.696675645192839
7.940381431297297,-6.816978049228282,9.674655930656233
7.938117068107648,-6.778295276438029,9.652585984340552
7.935535599712862,-6.736305770800824,9.630465460900295
7.932651695705837,-6.691853289361776,9.60829401101462
7.929333962576574,-6.643633588959634,9.586071281322983
7.925436098618684,-6.590618797113205,9.56379691435944
7.921239727693858,-6.5373424316221165,9.541470548485544
7.916682935204548,-6.483198878588417,9.51909181782185
7.911573316614071,-6.426401215191238,9.496660352177958
7.905997594529636,-6.368453102712808,9.47417577698106
7.900042872977944,-6.31045133843685,9.451637713202963
7.893660615701303,-6.25201726033578,9.429045777285546
7.88669341022501,-6.191991351612133,9.4063995810646
7.879231346204566,-6.131438632505803,9.41772948615532
7.871624686247609,-6.073046705363034,9.429045777285548
7.863910171900736,-6.016686644153824,9.440348503413075
7.855811546504112,-5.960183649563827,9.451637713202963
7.847397139457415,-5.904019565712789,9.46291345502999
7.838887627696006,-5.849518040595747,9.47417577698106
7.8304065970922,-5.797188551116281,9.485424726857609
7.8221129039492725,-5.747676671796569,9.49666035217796
7.813845914549191,-5.699759311687546,9.507882700179671
7.80548770238152,-5.652627269249667,9.519091817821852
7.79727638192061,-5.607485793616607,9.530287751787457
7.789294114156968,-5.564590295290019,9.541470548485547
7.781488475207693,-5.523490610158798,9.552640254053545
7.7740824175763885,-5.485189763393398,9.563796914359445
7.767060216992846,-5.4494314004630375,9.57494057500402
7.760239562107209,-5.415171629244748,9.586071281322988
7.753398808497638,-5.381250291186311,9.597189078389173
7.7466143965581375,-5.3480223206449855,9.608294011014623
7.73999693053477,-5.31598601729624,9.619386123752728
7.733505974239213,-5.284899145713565,9.630465460900298
7.726981916834588,-5.253975044110085,9.641532066499632
7.720448607421086,-5.2233191656685225,9.652585984340556
7.713946945447931,-5.1931103184146306,9.663627257962448
7.707171342419606,-5.161940025470839,9.663164013725806
7.700497848907111,-5.131543127804347,9.641067760609886
7.694163039829394,-5.102949497360614,9.618920748877038
7.687964145076056,-5.0751987908982255,9.596722627109896
7.681615826586895,-5.047007786270402,9.574473039817333
7.674995878193476,-5.017857759201507,9.55217162736803
7.668100750894497,-4.987767043703485,9.52981802592267
7.660951870187059,-4.956862459405123,9.507411867364668
7.653699222072974,-4.925811840762913,9.484952779229447
7.64629211504332,-4.894409056743273,9.462440384632195
7.638689489312206,-4.862498304776155,9.43987430219408
7.630629053978574,-4.829022938154268,9.41725414596686
7.621873451649726,-4.793089628538239,9.394579525355878
7.612567239220109,-4.755399524871926,9.371850045041361
7.60284608977391,-4.716583860909941,9.349065304898005
7.592589293856989,-4.676241687665269,9.3262248999128
7.5816243882018,-4.633812303927526,9.303328420101023
7.570006181949824,-4.589642766317728,9.28037545042038
7.557937681234986,-4.544605064859342,9.257365570683223
7.545438581965422,-4.498839302480704,9.234298355466809
7.5323503445654,-4.451847921984243,9.211173374021513
7.518807953073176,-4.404198540641918,9.187990190176997
7.50476187087411,-4.355783743480532,9.164748362246211
7.4902674118092465,-4.30685658328936,9.141447442927213
7.4754352327167854,-4.257826201872502,9.11808697920273
7.460244836891649,-4.208645584757629,9.09466651223739
7.444355333469801,-4.158277992351264,9.071185577272582
7.427664334702058,-4.106521903296104,9.047643703518832
7.410390249698677,-4.054156783751662,9.024040414045686
7.392471735884217,-4.001071725992262,9.000375225668968
7.3740425939597065,-3.9477237005882584,8.976647648835371
7.355069144259775,-3.894058135576323,8.952857187504303
7.335667497503798,-3.840432719513484,8.949487147602316
7.31599900803141,-3.787286255010929,8.957754379732076
7.296008267323084,-3.7344499593276446,8.969651003431308
7.275796154284277,-3.682168476105944,8.981531869291748
7.255417950525311,-3.6305483481963385,8.993397039764806
7.23477898556194,-3.5793208454649594,9.005246576890466
7.213751713856541,-3.52816487873109,8.997309367230086
7.1923164063390095,-3.477042468453918,9.000612642315698
7.170704238839452,-3.426495116720287,9.012452692400679
7.149135344201251,-3.3769893179374937,9.024277208093029
7.127303497826871,-3.3277852214005286,9.036086250377116
7.105066648563388,-3.2785647968947624,9.047879879839334
7.082560649206673,-3.2296314684643224,9.04188490627787
7.059744385146457,-3.1808912059119683,9.018266544457502
7.036406478675115,-3.1319067812308607,8.994586164765298
7.012499317480899,-3.0826108119305458,8.970843276074618
6.988308281532642,-3.033605724299899,8.982722564993324
6.96398636090427,-2.9851840015337086,8.994586164765298
6.939490793778138,-2.937237010073004,9.005568116457276
6.914569288111431,-2.8892682205405373,8.981854257816574
6.889139485632593,-2.841137997347226,8.968214471132695
6.8634722756454245,-2.7933653723251264,8.980097237557116
6.8376400454676,-2.7460702059826945,8.990904572433836
6.8114573533846805,-2.6989057390765074,8.970090866737275
6.784794125975171,-2.6516491029465024,8.953467741282433
6.757823143331146,-2.604615147487513,8.96123838003951
6.730661113996021,-2.5579996412731565,8.973130384633906
6.703266004017934,-2.511719213364164,8.985006649713027
6.675720338603652,-2.465900790497205,8.996867237607454
6.6479850663234865,-2.4204655719222146,9.008712210237457
6.6198561486258365,-2.3750782285587926,8.996552095519103
6.591399121553911,-2.3298502969068773,9.006967349677918
6.562832604907395,-2.2851214958980544,9.018799057186667
6.534165736730708,-2.2408884846509243,9.030615263073617
6.505216883881377,-2.19686206439993,9.042416028109148
6.475924244152954,-2.152950413671055,9.037612181103178
6.446357844056816,-2.109260329998145,9.033575272425756
6.416457223554069,-2.0657038620011554,9.019572869293595
6.3861469303338465,-2.0221780893417436,8.996050893845002
6.355364851797248,-1.9786062084460405,8.976280894325205
6.324213051699861,-1.9351431116905864,8.968506323907226
6.292746687058245,-1.8918695855795895,8.961274431303474
6.260913560019621,-1.8487174614567976,8.950402190262711
6.228709810485937,-1.8056872217202256,8.94159368811722
6.196163531058453,-1.7628210533320288,8.942254067981029
6.163381612369155,-1.7202592469166502,8.947257382279274
6.130321131886901,-1.6779433173294942,8.9422349910592
6.096876589872469,-1.6357410086977267,8.936416890198034
6.063139479176296,-1.5937710464732584,8.939736488917752
6.029154112431399,-1.5520870336911483,8.942437290676253
5.994867362193704,-1.510622718458058,8.944045771827827
5.960316452558109,-1.4694227020719877,8.948012093759925
5.9255009513251045,-1.428484928228956,8.95040846873915
5.890397618727583,-1.3877814380631768,8.949776192433864
5.854981931769119,-1.34728479543232,8.94630078915462
5.8192316147215815,-1.306972044687392,8.940041851739009
5.7831210567790166,-1.2668183009472935,8.935436647128476
5.7466988547108695,-1.2268808351349232,8.93636279724942
5.7100039757462735,-1.1872029131049155,8.936975198033789
5.6729911346208,-1.1477363435811385,8.935543589489471
5.635670589957256,-1.1084939284346045,8.935010643046434
5.5980451238827325,-1.0694800883996125,8.934783060672054
5.560115391101214,-1.0306969237872532,8.934462782737098
5.521877482786834,-0.9921419790582116,8.9334633326696
5.48332172850465,-0.9538074483156093,8.93161588972432
5.444440788332216,-0.9156884605940382,8.929044203819052
5.405226505971071,-0.877779867343764,8.92722377275997
5.365697249395352,-0.8401019856580914,8.925907979655188
5.325840634139576,-0.8026454054862913,8.925219739349064
5.28567780975495,-0.7654321705724129,8.924978946705293
5.245193092021434,-0.7284497798307797,8.918892583226915
5.204292234804844,-0.6916170163399861,8.90816360964887
5.162978158205404,-0.6549436727399822,8.90044069241454
5.121295893167586,-0.6184755593333158,8.900340225035574
5.079337857163931,-0.582295830957169,8.903597382724575
5.037072449997431,-0.5463780265065906,8.90316688056256
4.994459500550383,-0.5106906144443385,8.896730742299692
4.951419715772796,-0.47517271109061093,8.883725301821379
4.907897289206712,-0.4397870048078161,8.881932089562282
4.864160426001533,-0.4047550741436863,8.890697371867526
4.820145553509711,-0.3700246089128243,8.882444093540348
4.775575459165222,-0.33538361345790035,8.867441460907953
4.730584722800081,-0.30094672324418414,8.860852641947469
4.6851976198442955,-0.2667387090038268,8.851696186620522
4.6393285894336636,-0.23270263333228516,8.851485320715497
4.593242511020674,-0.19903838460865872,8.863524579905501
4.546938899270837,-0.16574290703999583,8.863726805882528
4.500145566469269,-0.1326240635548917,8.856602998749937
4.452988342924348,-0.09977778965017864,8.859599033210676
4.405550133390047,-0.06726399788415188,8.857153065547353
4.3576266071355265,-0.034947503715013595,8.850962797270032
4.309336039431836,-0.002914803262807353,8.863002766241541
4.260989653887024,0.02863029980806492,8.875026401659449
4.21247810679984,0.05976595755477476,8.887033769818776
4.163686273220585,0.09056785585238508,8.89456969314783
4.11433317314432,0.12120678840378218,8.887480883269392
4.064657645180574,0.15152704454787508,8.896712481597133
4.0147784559660025,0.18145615007271296,8.908690620733962
3.964768278613669,0.2109543326342953,8.920652676329256
3.915156137298003,0.23972515441292339,8.932598712997656
3.8651351177186246,0.26824618276502205,8.944528794922315
3.8144086390036724,0.29667444641157237,8.956442985858923
3.763667145401026,0.32461862797183716,8.968341349139681
3.712729064543124,0.35218413615004973,8.98022394767723
3.6613766864763932,0.37948643359823997,8.99209084396853
3.610271480449632,0.40617973748652175,9.003942100098696
3.5590005621117355,0.4324899782571484,9.01577777774479
3.507300415482181,0.4585500306831347,9.02759793817956
3.456291978218901,0.4838077775751646,9.039402642275148
3.4057821467178524,0.508387290254965,9.05119195050674
3.3551725171414493,0.5325936716464397,9.062965922956185
3.3042433313894235,0.5565319667532502,9.07472461931557
3.2522314890481767,0.5805444700156815,9.086468098890744
3.1990431572744296,0.6046434929111543,9.069515983073622
3.1455756655351954,0.6284049705183751,9.045969764250472
3.091774530807883,0.6518501953873592,9.022362095606649
3.037247725523293,0.6751393668039849,8.99869249350957
2.981217748134583,0.6985733962429069,8.974960467949224
2.924077569006666,0.7219493493536161,8.951165522419815
2.8663770240162103,0.745020483100007,8.929239338605264
2.8078117375638882,0.7678911470717191,8.920631249654553
2.749018435858082,0.790301526466148,8.932577314978047
2.6899199871093,0.8122802763521619,8.910520844930375
2.6299379566061694,0.8340295630603117,8.88655335529161
2.5689611797143037,0.8555637985517968,8.871266984441803
2.507636634240824,0.8766386141172269,8.88327943413885
2.446575367301635,0.8970518192675049,8.895275661874752
2.3862720093550687,0.9166657201707437,8.907255733192372
2.326087542242062,0.9357121227168118,8.91921971319439
2.2654316569562196,0.9543795864038815,8.931167666547443
2.2043430960144583,0.9726482467996178,8.943099657486188
2.143097030282555,0.9904333002169907,8.955015749817342
2.081735552470695,1.007725410048736,8.966916006923658
2.020160876294481,1.024553933960968,8.97880049176786
1.9576521109385985,1.0411036784599519,8.990669266896532
1.8934140808958382,1.0575465557551076,8.993455907654907
1.8283987047458174,1.073602368065225,8.996026262952787
1.7632282326826978,1.0891088655665504,9.007872341429099
1.6993451576731307,1.103750749019103,9.019702861803731
1.636405197569921,1.1176522448015118,9.031517885216054
1.5735772593279984,1.1310208735136233,9.043317472406049
1.5115213079400873,1.1437364575225657,9.055101683717947
1.4491193807065628,1.156040599024821,9.066870579103831
1.3862181398934137,1.1679561578211213,9.0786242181272
1.3244560476985658,1.1791880543566897,9.090362659966475
1.2645205215022008,1.1896599081294728,9.102085963418487
1.2066536777120314,1.1993873327233886,9.113794186901902
1.1505535165595375,1.2084737252445608,9.125487388460629
1.0948047030875272,1.217177026421891,9.137165625767164
1.0397797558424207,1.225454443520164,9.148828956125922
0.9852847221766501,1.2333519751965807,9.160477436476507
0.930944081195442,1.2409341307089583,9.172111123396961
0.877309049993421,1.248135635627456,9.183730073106968
0.8238476018675951,1.2550394343186853,9.195334341471026
0.7704232369132156,1.26166756578857,9.206923984001577
0.7181313399092308,1.2678979365215965,9.218499055862106
0.6675008776707094,1.2736961113395384,9.230059611870207
0.6162281573093161,1.2793370491613347,9.24160570650061
0.5630565413302655,1.2849373736111134,9.25313739388818
0.508537723844427,1.2904096957647924,9.264654727830864
0.453373143073312,1.2956657671158076,9.276157761792641
0.39851922307402643,1.3006132535094335,9.287646548906398
0.3432197461547748,1.3053211694654852,9.299121141976805
0.2869051564339372,1.309825266425439,9.31058159348314
0.22999597510171677,1.314077435967746,9.318224235950906
0.17248058711459585,1.318068170711206,9.295308048686106
0.11434746572040069,1.3217875280571223,9.272335225199452
0.05558511538422767,1.3252251248803955,9.249305343482852
-0.003817982085817906,1.328370129540294,9.226217976261255
-0.06387341812820277,1.3312112512249086,9.203072690900154
-0.12459290461168726,1.3337367266453801,9.179869049311002
-0.18922819217068465,1.3360301248698527,9.156606607854458
